Ngay,KetQua
31/12/2024,"01,03,04,09,17,23,24,31,40,41,44,45,47,50,55,59,67,68,70,73,79,81,82,84,89,90,92"
31/08/2025,"00,04,09,21,23,25,26,29,30,33,34,40,45,47,53,60,61,65,68,69,74,75,76,81,82,85,98"
31/07/2025,"01,06,08,10,13,15,18,26,33,34,40,43,47,49,52,59,63,74,75,77,82,83,84,85,88,90,97"
31/05/2025,"02,03,04,06,14,18,22,25,28,29,30,33,34,38,52,53,56,57,58,59,62,68,75,76,78,87,94"
31/03/2025,"02,03,05,13,17,21,28,30,38,39,42,45,46,52,53,58,60,62,70,75,76,83,88,92,93,95,98"
31/01/2025,"01,02,04,06,12,13,16,17,21,22,24,25,26,38,39,50,60,61,71,74,75,77,82,84,90,93,95"
30/12/2024,"02,03,04,06,09,16,22,31,33,36,39,43,47,48,51,53,56,65,74,83,89,90,92,93,95,97,98"
30/09/2025,"11,13,15,16,17,22,23,25,29,31,32,36,42,52,55,60,63,65,70,73,82,85,86,87,94,96,99"
30/08/2025,"00,01,03,06,09,12,18,27,31,32,34,41,43,46,49,51,55,56,61,64,65,72,75,80,86,89,98"
30/07/2025,"05,18,19,22,23,26,27,28,30,32,38,45,55,57,62,66,70,74,77,78,83,85,89,92,94,96,98"
30/06/2025,"03,04,05,09,14,16,17,25,28,30,33,34,35,36,39,40,41,49,54,56,60,68,70,74,85,87,96"
30/05/2025,"04,07,08,10,11,13,15,23,28,29,33,34,37,46,48,53,54,58,59,60,72,76,89,90,91,92,94"
30/04/2025,"06,09,13,19,21,22,27,34,35,36,38,40,41,42,44,47,50,54,64,65,80,82,87,88,91,95,98"
30/03/2025,"01,06,09,11,14,19,25,29,39,40,42,46,48,51,52,55,56,58,62,70,73,81,83,84,87,90,91"
30/01/2025,"01,03,10,14,15,18,26,27,31,33,36,38,42,43,46,47,56,63,66,70,77,79,80,81,94,96,98"
29/12/2024,"08,12,16,27,30,34,35,38,39,42,44,45,46,49,58,60,61,66,68,70,80,82,83,86,94,96,99"
29/09/2025,"04,06,07,10,11,17,23,24,28,29,32,39,41,43,44,50,57,67,71,75,79,87,88,93,96,98,99"
29/08/2025,"06,10,12,13,15,16,17,27,34,37,39,43,46,49,54,57,58,59,65,68,70,76,78,88,90,95,97"
29/07/2025,"00,12,13,14,19,21,25,36,39,40,45,50,54,60,61,64,65,68,73,77,78,81,85,93,94,96,98"
29/06/2025,"00,03,04,06,10,14,16,17,23,35,36,40,46,48,50,51,56,57,59,61,70,71,80,82,84,94,96"
29/05/2025,"00,07,11,14,22,25,27,28,30,32,38,45,49,50,53,57,60,64,70,73,74,76,81,82,87,95,99"
29/04/2025,"08,12,17,19,21,23,37,38,39,43,44,46,49,55,57,59,61,67,69,73,75,77,79,85,89,91,97"
29/03/2025,"02,05,10,12,17,22,31,36,37,40,42,43,44,49,50,52,56,58,60,61,68,71,72,75,78,92,99"
29/01/2025,"01,03,05,06,07,18,24,32,38,40,42,43,45,46,55,62,65,67,70,72,75,84,86,88,91,92,97"
28/09/2025,"00,07,11,12,13,18,26,27,28,38,41,43,50,52,53,60,61,63,68,71,72,74,79,80,85,91,98"
28/08/2025,"02,05,07,10,12,14,15,18,24,33,34,44,46,48,49,50,52,55,60,67,72,75,76,81,82,87,99"
28/07/2025,"00,04,05,06,08,17,20,21,23,26,35,37,38,43,52,54,56,57,66,68,69,73,74,75,81,84,95"
28/06/2025,"02,03,05,11,12,16,21,25,26,41,43,46,47,53,54,59,65,67,68,72,73,76,81,83,86,91,96"
28/05/2025,"09,15,18,24,25,26,41,45,48,50,53,54,64,66,67,72,75,76,83,84,85,86,87,88,90,93,99"
28/04/2025,"00,01,04,05,09,30,33,37,38,39,40,44,48,49,50,53,56,61,62,64,66,71,75,87,88,92,98"
28/03/2025,"01,06,08,17,18,19,21,29,31,32,33,35,38,47,57,66,75,81,83,84,85,87,88,90,94,98,99"
28/02/2025,"02,08,13,14,15,20,23,28,33,37,45,49,53,54,58,59,64,67,69,73,75,76,80,86,87,97,98"
28/01/2025,"01,03,11,16,19,21,27,29,31,32,38,41,46,50,56,58,59,62,64,70,71,73,78,79,80,88,99"
27/09/2025,"00,04,07,09,12,22,23,32,35,42,43,45,48,50,54,56,68,70,71,75,83,85,87,89,94,95,97"
27/08/2025,"06,07,09,10,14,17,19,23,33,35,37,38,39,45,50,53,69,79,80,81,82,84,85,90,91,93,94"
27/07/2025,"01,03,06,08,11,14,26,31,39,42,43,45,56,58,60,63,64,66,73,83,84,85,87,92,93,95,98"
27/06/2025,"02,05,07,08,09,16,17,22,23,31,32,34,35,40,41,53,61,72,73,75,81,82,83,89,90,94,97"
27/05/2025,"05,06,07,12,15,16,18,26,28,31,33,38,42,46,53,56,59,65,66,70,72,79,85,91,93,94,99"
27/04/2025,"00,08,13,14,17,18,20,24,30,34,36,38,39,41,42,47,48,52,58,60,62,63,67,83,84,88,90"
27/03/2025,"09,10,12,16,17,18,21,22,23,24,27,35,40,48,53,54,55,56,61,65,67,68,72,73,74,84,93"
27/02/2025,"06,12,13,20,21,25,27,34,36,39,46,47,51,53,62,63,69,70,74,76,79,84,86,88,91,93,95"
27/01/2025,"03,08,10,13,33,34,39,40,41,44,52,54,55,59,60,61,64,66,69,79,83,88,89,91,92,94,98"
26/09/2025,"04,06,13,16,24,28,34,37,38,43,46,50,53,56,58,60,61,63,73,79,83,84,87,91,93,94,98"
26/08/2025,"00,05,09,14,19,22,26,27,30,32,36,37,42,43,52,59,65,68,69,72,80,81,84,85,90,94,95"
26/07/2025,"00,06,07,10,12,13,16,18,30,33,34,48,54,57,58,60,61,62,67,73,76,85,88,89,91,94,96"
26/06/2025,"00,04,06,12,21,22,27,29,38,39,40,41,43,58,64,67,69,72,76,77,83,84,85,88,92,96,99"
26/05/2025,"01,03,05,07,09,11,12,13,17,20,25,33,36,41,46,50,51,53,61,69,73,74,78,79,82,87,98"
26/04/2025,"02,04,09,14,16,17,18,26,29,35,36,43,44,45,50,52,57,63,65,76,77,81,87,88,92,94,96"
26/03/2025,"00,02,08,12,13,14,23,24,26,29,32,34,36,37,41,45,53,55,57,60,63,69,72,73,76,85,89"
26/02/2025,"02,04,05,06,07,18,24,25,27,30,32,45,46,50,58,63,64,71,73,76,79,80,81,84,85,91,97"
26/01/2025,"07,11,14,15,17,18,20,23,29,32,37,39,47,55,57,58,63,69,74,76,81,82,87,92,94,95,96"
25/09/2025,"02,09,12,13,16,19,20,28,29,32,34,35,40,42,46,49,50,60,66,68,69,71,73,78,81,82,91"
25/08/2025,"01,03,04,14,18,26,28,31,35,40,41,45,46,53,54,58,61,66,71,73,78,79,88,91,93,94,96"
25/07/2025,"04,08,09,18,20,24,25,33,35,37,38,44,47,52,55,56,63,64,69,76,78,80,86,88,92,98,99"
25/06/2025,"01,07,11,13,17,21,24,29,34,38,39,42,44,50,51,52,54,71,72,74,76,81,82,86,90,95,99"
25/05/2025,"03,06,07,10,11,13,15,19,31,32,33,34,39,40,50,52,54,56,57,63,65,66,79,82,84,94,95"
25/04/2025,"04,05,13,18,19,24,28,33,34,44,45,51,53,54,56,57,60,65,68,70,71,77,80,85,88,97,99"
25/03/2025,"00,14,15,18,19,22,23,27,37,39,40,41,44,53,59,63,65,66,71,77,81,82,87,88,89,92,99"
25/02/2025,"02,05,12,14,16,20,22,25,26,28,32,36,37,38,53,63,66,81,84,87,88,90,91,94,96,97,99"
25/01/2025,"01,11,12,14,16,17,18,25,29,30,31,33,37,42,44,45,53,55,60,76,77,80,81,87,94,98,99"
24/10/2025,"00,02,06,10,11,16,23,28,29,32,40,47,50,55,56,57,65,72,78,82,84,85,88,89,94,95,99"
24/09/2025,"04,07,08,12,35,38,39,42,44,45,46,53,55,58,63,65,77,78,79,80,81,82,86,88,91,96,97"
24/08/2025,"00,07,09,19,24,26,28,36,41,43,44,49,50,53,55,56,58,59,63,67,68,70,72,78,93,96,97"
24/07/2025,"03,04,05,06,15,18,27,28,33,35,38,45,55,61,64,66,67,69,71,72,79,83,85,86,89,97,99"
24/06/2025,"03,05,06,09,12,19,22,23,26,29,30,33,46,52,54,60,62,68,71,73,83,84,85,86,88,91,94"
24/05/2025,"02,05,06,13,15,18,23,27,31,35,37,40,42,48,50,54,55,56,58,63,67,76,78,82,86,93,99"
24/04/2025,"01,07,13,15,17,18,20,21,23,24,27,28,32,36,43,46,48,62,64,68,69,77,78,89,92,94,98"
24/03/2025,"03,12,14,17,21,22,25,26,28,29,30,31,33,34,35,37,41,47,52,53,55,72,75,87,89,94,99"
24/02/2025,"02,08,09,10,14,16,19,21,22,26,32,33,34,40,42,44,51,54,55,65,69,75,80,81,83,87,88"
24/01/2025,"03,10,15,16,18,22,24,26,32,33,34,49,51,54,56,70,71,72,73,75,77,80,81,87,88,92,97"
23/10/2025,"02,05,08,10,17,19,25,36,40,41,49,53,56,63,64,67,72,75,76,78,80,82,85,87,90,98,99"
23/09/2025,"01,03,13,15,21,28,29,35,41,43,44,49,53,55,57,59,60,61,67,70,72,74,75,77,80,88,99"
23/08/2025,"15,16,17,24,26,29,30,32,36,38,40,42,48,52,53,58,59,70,71,74,77,79,80,85,89,90,92"
23/07/2025,"00,08,13,14,16,17,18,24,26,28,29,32,34,45,46,49,52,53,56,60,62,67,74,79,82,84,94"
23/06/2025,"10,13,15,18,19,22,32,40,43,44,45,47,49,55,57,61,62,68,72,73,74,75,76,77,80,88,89"
23/05/2025,"00,01,03,05,06,07,22,23,25,27,33,35,40,41,49,61,62,66,68,69,75,81,82,84,87,89,94"
23/04/2025,"00,04,09,10,18,24,28,32,34,38,40,42,43,44,45,47,50,53,59,62,64,66,72,76,83,85,98"
23/03/2025,"04,06,08,10,11,17,21,28,29,32,35,45,52,53,60,65,68,77,79,80,83,85,89,95,96,98,99"
23/02/2025,"04,05,08,14,15,30,33,34,35,39,40,41,42,48,51,62,66,67,73,74,77,78,81,82,89,92,98"
23/01/2025,"01,04,10,24,30,34,36,38,40,43,44,46,51,57,66,68,73,74,80,83,84,85,91,94,95,97,99"
22/10/2025,"01,02,03,05,08,09,13,15,19,24,25,29,34,37,45,49,53,56,59,60,63,68,78,80,93,98,99"
22/09/2025,"00,01,04,05,08,09,12,13,16,29,33,37,38,39,40,41,47,50,51,54,57,75,80,87,91,95,99"
22/08/2025,"02,09,11,13,15,20,21,22,23,27,29,30,32,34,39,41,42,61,72,74,77,78,83,86,87,90,94"
22/07/2025,"03,04,09,23,28,29,38,39,49,54,60,62,63,64,65,70,72,74,75,77,81,82,85,87,88,95,96"
22/06/2025,"04,10,11,19,24,36,40,46,47,48,49,51,53,54,55,62,63,65,67,74,75,84,85,89,93,95,97"
22/05/2025,"01,03,07,08,09,12,18,24,26,30,33,35,43,48,51,56,58,66,68,69,72,76,83,91,97,98,99"
22/04/2025,"00,02,13,17,18,19,28,31,32,33,36,43,45,51,62,65,68,71,72,75,79,84,86,87,91,94,97"
22/03/2025,"00,01,02,08,09,10,19,26,29,30,34,41,45,53,55,57,58,63,69,70,75,77,80,81,87,88,90"
22/02/2025,"04,09,13,15,24,28,33,35,39,41,42,43,44,45,50,54,62,65,68,72,77,82,89,90,91,92,98"
22/01/2025,"01,05,06,08,10,19,20,23,30,32,39,41,49,50,51,53,57,58,62,65,66,72,78,86,87,93,97"
21/10/2025,"00,03,06,09,14,20,22,24,25,27,28,29,32,36,40,41,44,46,52,53,55,57,59,63,95,96,99"
21/09/2025,"14,15,18,25,29,32,35,36,40,43,44,46,47,54,58,67,72,73,74,75,76,79,87,89,91,94,96"
21/08/2025,"05,07,10,12,14,15,17,18,20,21,25,29,39,40,41,47,49,54,58,63,67,71,72,76,80,88,95"
21/07/2025,"01,02,07,11,14,17,20,25,28,30,39,41,43,46,48,57,58,60,67,71,72,73,78,79,91,92,95"
21/06/2025,"07,10,12,14,16,17,18,20,21,24,28,31,37,44,46,50,55,60,64,69,72,73,79,80,81,84,97"
21/05/2025,"03,10,11,16,19,22,30,34,37,42,43,47,49,55,63,66,68,70,76,78,87,88,89,90,91,93,96"
21/04/2025,"05,11,16,19,20,21,23,25,27,30,31,36,54,56,57,58,59,65,68,71,72,78,79,92,95,97,99"
21/03/2025,"04,07,08,09,15,18,19,24,41,42,44,47,50,54,58,68,71,73,77,80,84,85,86,87,92,96,97"
21/02/2025,"03,04,13,18,24,34,38,39,45,46,47,49,50,52,53,54,61,66,68,72,74,78,79,83,84,92,95"
21/01/2025,"04,05,12,16,19,24,26,28,32,36,37,42,43,44,54,55,66,69,77,79,80,81,82,89,91,93,94"
20/10/2025,"04,07,08,11,12,17,18,22,23,25,27,28,31,33,36,38,40,49,51,52,53,67,71,82,97,98,99"
20/09/2025,"04,05,06,07,12,15,17,25,27,31,39,48,49,54,58,64,65,67,71,72,78,82,86,89,90,92,96"
20/08/2025,"04,09,14,16,17,23,25,26,37,39,44,45,49,52,53,54,56,58,61,64,66,69,76,78,79,94,98"
20/07/2025,"01,03,06,08,17,20,22,23,31,34,35,37,38,43,46,47,49,52,59,66,67,75,77,81,87,95,96"
20/06/2025,"00,15,17,22,23,35,38,39,40,43,45,46,49,54,57,58,60,62,69,70,73,74,75,82,87,93,95"
20/05/2025,"02,03,04,07,13,16,18,22,24,25,31,41,46,48,49,53,58,61,62,64,69,74,79,85,89,97,98"
20/04/2025,"04,05,07,17,19,24,32,38,39,47,50,52,56,57,59,63,64,68,69,73,75,77,82,89,93,96,97"
20/03/2025,"02,11,16,20,21,27,29,32,37,42,48,50,55,57,60,61,63,67,68,70,71,78,80,82,85,86,91"
20/02/2025,"03,11,13,16,23,24,25,27,30,32,37,38,39,42,46,47,51,58,63,68,70,73,82,84,86,89,94"
20/01/2025,"00,02,03,06,14,17,18,20,21,27,30,31,36,46,49,50,52,53,55,61,63,65,67,77,79,89,97"
19/10/2025,"04,05,06,07,08,10,11,13,15,16,19,21,24,28,30,40,50,56,63,64,68,74,77,81,89,90,94"
19/09/2025,"00,06,16,18,25,26,29,30,34,35,37,39,40,44,47,53,57,58,61,64,66,67,74,80,84,90,94"
19/08/2025,"03,04,06,07,08,11,16,24,29,39,49,57,60,63,67,68,73,74,75,79,84,86,91,92,94,97,99"
19/07/2025,"00,02,06,08,11,12,19,22,26,30,36,37,40,43,44,45,48,49,52,65,69,71,75,82,94,97,99"
19/06/2025,"01,02,03,04,06,13,17,20,24,25,26,27,34,38,43,48,49,50,64,66,69,71,75,76,81,89,91"
19/05/2025,"00,02,04,05,23,27,37,41,47,49,54,61,63,67,68,77,78,79,80,85,86,91,92,94,95,96,98"
19/04/2025,"05,12,14,16,17,18,30,32,36,38,41,43,45,46,51,54,57,65,67,71,75,77,79,86,89,90,92"
19/03/2025,"04,06,13,14,15,18,19,26,27,31,38,39,43,45,46,50,56,57,67,69,70,80,81,88,92,93,96"
19/02/2025,"05,22,24,26,27,28,30,33,34,39,41,43,52,60,61,64,65,67,72,75,76,77,85,86,87,92,95"
19/01/2025,"00,01,11,15,22,33,35,38,44,48,53,54,60,62,63,67,68,70,71,72,75,77,83,88,96,98,99"
18/10/2025,"05,08,11,12,15,16,20,22,27,30,39,44,45,51,57,58,64,65,68,77,78,81,86,87,89,91,94"
18/09/2025,"01,02,04,07,16,18,19,20,32,33,43,44,46,55,60,61,63,64,73,74,79,82,84,86,88,90,97"
18/08/2025,"00,01,06,12,13,15,16,19,23,27,30,31,37,38,41,45,46,47,49,54,61,72,79,94,95,96,98"
18/07/2025,"02,07,08,09,10,12,13,19,21,26,31,33,38,51,53,59,61,69,71,72,79,84,86,89,92,93,96"
18/06/2025,"03,05,06,07,11,13,19,20,23,26,27,30,32,35,38,55,58,62,67,68,69,75,80,89,91,92,99"
18/05/2025,"01,03,04,15,16,17,28,30,31,33,35,40,41,42,44,49,51,53,69,70,72,78,82,86,87,89,92"
18/04/2025,"02,04,14,17,19,27,29,34,38,39,41,51,56,59,60,65,66,68,74,78,79,80,83,86,92,94,98"
18/03/2025,"00,10,11,13,19,23,24,26,27,35,37,38,40,41,44,51,58,59,60,61,68,74,77,79,80,83,89"
18/02/2025,"01,02,04,05,06,14,15,19,24,30,35,39,41,43,48,49,51,52,53,55,60,72,74,79,85,86,93"
18/01/2025,"00,03,04,06,07,10,12,15,21,22,27,35,36,45,55,58,63,67,68,72,75,77,85,94,96,97,98"
17/10/2025,"01,02,10,12,16,17,26,27,29,30,31,39,40,44,47,56,60,66,67,69,78,82,84,85,87,93,94"
17/09/2025,"02,03,13,14,15,27,31,32,37,42,44,48,50,52,57,60,71,73,75,77,79,82,83,84,85,95,99"
17/08/2025,"00,02,08,13,20,23,25,26,29,31,32,35,39,41,43,44,46,53,54,68,70,75,83,88,91,94,95"
17/07/2025,"04,10,16,18,20,22,24,26,28,41,42,43,44,48,52,61,62,67,69,71,72,75,77,78,87,90,93"
17/06/2025,"02,03,04,06,12,17,21,27,28,31,38,41,43,52,60,62,63,67,73,75,77,81,82,83,88,95,97"
17/05/2025,"00,09,11,12,16,23,24,25,30,43,45,46,52,54,57,61,62,63,67,70,72,77,83,87,91,96,99"
17/04/2025,"05,16,19,20,23,28,29,33,37,43,45,51,52,53,61,62,66,68,71,76,79,83,86,91,93,94,95"
17/03/2025,"02,08,09,13,14,15,28,29,33,37,44,45,48,50,52,60,61,62,72,78,79,82,83,88,95,96,97"
17/02/2025,"01,05,06,13,15,16,19,21,25,28,29,32,34,35,37,39,41,44,45,51,52,67,68,72,85,93,96"
17/01/2025,"02,04,06,07,15,17,24,25,31,36,37,41,46,47,48,51,52,53,57,63,66,69,70,73,90,92,99"
16/10/2025,"09,10,12,14,19,20,22,23,27,30,31,40,44,45,49,57,63,66,67,69,75,79,91,96,97,98,99"
16/09/2025,"00,03,06,07,09,13,14,19,23,25,28,30,31,35,40,43,51,53,54,60,67,71,72,73,80,98,99"
16/08/2025,"00,03,14,16,19,23,25,30,32,39,41,45,46,50,52,55,59,61,62,69,71,73,84,89,90,93,96"
16/07/2025,"08,10,11,17,19,20,21,22,24,35,36,42,43,53,60,62,68,70,77,80,83,86,89,93,94,98,99"
16/06/2025,"01,04,12,13,14,21,27,28,29,36,40,43,44,50,52,54,67,68,71,72,76,80,81,88,91,95,98"
16/05/2025,"00,02,10,20,22,25,26,32,33,35,46,53,58,59,60,61,62,67,72,73,76,77,87,89,90,93,99"
16/04/2025,"07,08,09,11,18,21,28,35,37,41,43,48,50,55,60,61,70,73,77,78,79,83,89,90,94,95,98"
16/03/2025,"02,04,09,19,22,27,29,35,42,44,45,47,50,52,53,54,58,59,62,63,66,69,72,82,83,92,96"
16/02/2025,"08,09,13,14,15,20,21,22,27,34,35,37,44,50,52,54,59,60,64,67,68,70,71,73,80,82,99"
16/01/2025,"06,10,15,19,25,26,27,31,35,37,43,48,51,56,60,64,65,71,72,73,74,75,77,85,88,92,98"
15/10/2025,"02,03,06,10,11,17,33,37,38,39,41,42,59,60,64,65,66,72,73,76,80,81,84,85,89,91,93"
15/09/2025,"01,12,15,17,19,21,26,31,36,41,42,44,47,48,56,64,70,73,74,75,76,82,83,84,85,97,99"
15/08/2025,"04,05,06,10,14,17,18,22,42,48,50,52,54,55,60,61,63,68,69,76,83,84,86,88,89,90,97"
15/07/2025,"01,05,06,10,23,24,30,33,37,38,40,43,46,47,51,61,62,64,65,68,71,72,75,82,88,92,99"
15/06/2025,"00,02,07,09,10,12,23,27,28,33,40,44,53,54,57,60,63,66,72,76,81,83,89,90,92,94,96"
15/05/2025,"03,04,08,09,18,20,21,22,23,24,25,35,36,41,42,44,49,63,64,70,75,85,86,88,89,90,97"
15/04/2025,"00,01,08,10,11,12,15,16,22,23,34,37,43,44,47,64,71,72,75,83,84,85,87,91,92,95,98"
15/03/2025,"02,05,09,15,18,29,31,34,39,40,42,52,54,59,61,63,64,68,71,72,73,76,78,81,83,85,92"
15/02/2025,"01,08,10,19,20,21,22,28,31,36,38,42,43,47,48,50,53,54,61,68,72,74,76,81,85,86,96"
15/01/2025,"01,02,07,10,14,28,35,38,40,42,48,53,54,60,67,68,69,73,75,76,83,85,86,88,89,96,99"
14/10/2025,"05,06,07,11,14,18,21,22,25,27,30,31,38,40,42,43,44,45,51,71,75,77,80,84,86,88,89"
14/09/2025,"03,04,08,12,14,16,21,22,25,26,29,35,45,49,52,57,59,61,69,70,74,78,85,86,92,96,97"
14/08/2025,"01,04,05,10,18,19,24,26,32,33,37,38,43,45,47,61,63,67,70,72,75,77,78,86,87,91,96"
14/07/2025,"00,03,04,05,06,15,18,20,24,35,36,40,41,43,45,46,52,54,56,62,64,65,69,87,91,93,99"
14/06/2025,"03,04,06,07,29,30,31,33,35,37,40,42,45,48,51,54,56,57,58,59,69,74,82,86,91,98,99"
14/05/2025,"00,06,08,16,26,28,30,31,33,38,41,48,55,59,60,66,71,72,75,76,82,85,88,91,94,96,99"
14/04/2025,"05,08,11,17,18,20,28,29,38,39,41,46,48,49,55,57,58,59,62,70,71,74,84,88,90,91,93"
14/03/2025,"00,04,06,08,13,14,25,26,31,32,39,44,53,57,60,66,74,77,80,86,87,88,90,93,94,95,98"
14/02/2025,"03,15,18,21,22,25,30,33,39,40,43,45,47,50,53,55,59,61,62,69,70,74,84,85,86,95,98"
14/01/2025,"03,04,08,13,14,15,17,21,22,30,32,36,37,47,50,52,55,61,62,73,75,78,80,85,88,92,97"
13/10/2025,"09,10,21,24,26,28,31,32,38,45,51,52,55,58,61,67,68,69,70,74,82,83,85,87,91,94,96"
13/09/2025,"02,03,04,09,10,15,16,21,22,25,29,31,35,38,41,42,47,49,50,62,63,68,79,84,88,93,96"
13/08/2025,"04,06,10,12,13,16,27,35,36,41,43,46,54,56,58,60,70,71,75,76,77,86,90,91,92,94,99"
13/07/2025,"08,14,18,19,20,23,26,31,34,39,43,44,45,47,48,53,63,65,67,68,76,81,85,91,95,96,98"
13/06/2025,"08,11,14,16,19,23,24,28,35,37,40,44,45,48,49,51,55,62,65,70,73,78,82,83,88,92,96"
13/05/2025,"00,08,15,21,25,26,27,29,37,42,46,49,51,60,62,64,67,72,75,76,84,86,87,92,94,95,97"
13/04/2025,"02,05,08,14,15,16,18,20,26,27,32,40,46,50,52,56,58,59,62,65,67,73,76,82,91,93,96"
13/03/2025,"01,03,05,08,11,12,13,15,16,23,30,34,36,39,46,48,55,57,64,65,70,77,84,91,94,95,97"
13/02/2025,"05,22,26,28,35,36,37,44,46,47,50,51,57,59,64,65,66,73,75,78,79,83,85,89,92,97,98"
13/01/2025,"00,12,13,17,18,22,27,28,36,37,39,40,46,47,59,62,64,68,70,72,78,79,80,89,92,95,99"
12/10/2025,"00,01,03,04,05,10,13,17,39,42,43,49,51,53,56,62,66,68,71,75,77,80,83,84,87,95,96"
12/09/2025,"04,05,06,08,12,13,14,21,22,33,37,42,44,52,53,54,57,60,65,66,70,76,84,88,89,92,94"
12/08/2025,"02,03,22,24,25,27,34,35,37,41,50,55,62,66,68,70,71,72,73,74,76,80,81,87,89,93,99"
12/07/2025,"01,04,06,08,09,12,15,16,21,25,31,34,36,37,41,43,46,47,54,61,64,67,75,81,82,93,98"
12/06/2025,"00,09,11,18,22,27,28,29,37,41,43,50,52,59,64,68,73,74,77,79,80,83,84,89,93,95,97"
12/05/2025,"00,04,08,16,18,19,20,22,24,28,31,39,43,50,55,58,64,65,66,67,73,74,77,82,91,96,99"
12/04/2025,"03,04,09,13,15,19,23,25,28,30,32,35,39,41,42,48,56,63,65,67,71,74,87,90,94,97,99"
12/03/2025,"01,09,11,16,29,31,34,36,41,42,44,47,52,59,62,68,70,71,75,78,80,85,86,93,94,97,99"
12/02/2025,"04,06,07,15,20,21,23,24,28,30,43,44,61,62,63,64,72,73,74,75,76,79,82,83,89,94,97"
12/01/2025,"13,33,35,38,39,41,43,44,45,46,48,54,55,59,62,66,67,74,75,77,78,80,82,84,88,96,99"
11/10/2025,"06,10,11,12,15,16,17,18,30,37,42,43,45,47,48,49,51,62,65,66,68,69,72,82,92,93,95"
11/09/2025,"04,08,09,10,13,17,18,19,20,23,28,29,35,36,39,50,53,54,66,74,75,81,86,88,94,97,98"
11/08/2025,"01,02,04,07,08,10,15,17,23,26,27,34,37,40,42,43,44,54,56,63,66,69,82,88,90,92,93"
11/07/2025,"02,03,09,14,18,19,20,21,23,35,38,40,41,43,45,48,51,57,59,60,63,67,69,73,75,78,93"
11/06/2025,"03,07,08,09,12,17,19,24,27,35,38,39,41,47,57,58,59,63,67,70,75,77,82,83,85,87,98"
11/05/2025,"00,01,06,07,11,12,15,16,17,18,20,23,28,30,37,45,46,51,56,64,68,70,72,74,78,80,89"
11/04/2025,"00,02,03,05,06,07,09,11,17,24,25,26,34,37,39,42,45,48,54,55,57,62,64,68,73,74,96"
11/03/2025,"01,05,08,11,12,18,19,22,24,41,46,49,54,60,61,63,66,67,69,70,80,82,83,84,88,94,95"
11/02/2025,"00,05,07,14,15,17,18,19,35,37,38,39,45,49,56,58,61,62,63,66,69,83,88,91,94,97,98"
11/01/2025,"03,04,07,16,18,22,23,24,32,35,37,48,52,62,63,67,71,73,78,81,85,86,88,91,94,96,99"
10/10/2025,"04,05,07,08,11,12,13,15,16,18,21,24,40,51,54,56,57,60,71,72,74,76,79,82,84,91,98"
10/09/2025,"03,08,13,21,22,24,26,33,34,35,40,42,46,52,54,58,63,69,76,77,85,89,91,93,96,97,98"
10/08/2025,"03,19,25,30,31,33,39,40,43,44,45,46,49,54,57,58,65,69,70,77,80,82,85,86,88,90,91"
10/07/2025,"16,17,19,21,23,26,31,33,34,38,41,42,45,47,48,56,57,59,66,79,81,85,88,93,94,96,97"
10/06/2025,"04,13,14,15,16,17,20,21,29,30,32,35,37,46,56,64,72,75,76,79,84,87,88,93,94,95,99"
10/05/2025,"02,06,08,10,19,22,24,31,34,42,48,50,51,55,57,58,59,65,67,68,72,83,85,87,88,93,99"
10/04/2025,"00,02,03,09,10,16,17,21,32,44,45,46,53,54,57,61,66,68,83,84,85,87,88,90,92,95,97"
10/03/2025,"04,05,15,19,20,31,33,34,35,38,42,46,49,53,58,62,65,69,72,74,78,83,87,88,90,92,96"
10/02/2025,"02,07,11,13,20,23,24,25,33,35,39,47,50,53,58,61,62,63,69,78,81,84,86,87,90,93,95"
10/01/2025,"06,14,15,20,23,24,26,28,43,45,48,51,53,54,57,59,69,70,76,77,78,79,81,85,86,88,98"
09/10/2025,"01,04,07,11,15,16,18,25,29,37,38,42,43,47,49,50,56,64,66,68,70,81,87,89,90,94,98"
09/09/2025,"00,01,03,06,08,09,13,19,32,33,34,37,39,43,44,49,52,53,56,59,63,67,84,87,90,91,94"
09/08/2025,"01,02,04,15,28,32,37,42,45,47,51,52,54,58,63,66,67,70,72,74,76,79,80,82,85,94,97"
09/07/2025,"01,13,18,26,28,29,30,32,33,34,38,40,56,57,58,63,67,76,78,80,84,85,86,87,90,91,99"
09/06/2025,"04,08,09,13,15,25,29,30,34,43,44,45,50,51,55,63,67,75,77,81,82,87,88,89,91,93,95"
09/05/2025,"01,02,10,12,14,21,31,34,37,38,39,42,44,45,52,53,56,63,75,76,77,83,84,86,93,95,96"
09/04/2025,"05,06,07,20,24,27,30,38,41,49,55,56,63,67,68,72,73,80,82,83,87,88,91,94,97,98,99"
09/03/2025,"00,06,15,18,19,20,23,25,34,36,39,46,59,60,61,69,70,75,76,77,79,86,88,90,93,94,96"
09/02/2025,"00,09,10,12,13,15,17,19,20,21,22,28,31,34,37,38,42,44,47,48,61,62,65,68,77,84,92"
09/01/2025,"00,02,06,09,13,21,26,29,30,31,33,39,44,46,50,51,56,57,65,67,73,75,79,84,85,90,96"
08/10/2025,"00,01,12,13,19,23,24,26,35,37,42,45,46,49,52,54,57,69,72,77,78,81,82,85,89,90,94"
08/09/2025,"00,03,19,25,26,35,37,40,44,46,47,49,53,64,66,69,74,75,76,77,78,80,82,84,86,97,98"
08/08/2025,"01,03,06,07,13,14,16,19,20,21,22,31,34,44,52,54,58,61,62,72,83,86,87,91,92,97,99"
08/07/2025,"05,06,07,09,21,23,27,30,33,41,44,47,48,52,65,66,68,71,74,75,77,81,84,87,91,92,98"
08/06/2025,"09,13,17,31,34,35,36,37,38,39,41,42,49,53,59,67,70,72,73,77,78,82,90,91,92,93,96"
08/05/2025,"01,08,13,15,17,21,25,27,30,37,39,42,47,49,50,51,56,58,74,79,80,81,83,90,91,95,99"
08/04/2025,"00,01,02,05,09,11,13,26,31,32,33,35,37,45,55,62,66,67,70,78,82,86,89,90,92,96,97"
08/03/2025,"05,07,12,18,25,27,32,33,35,39,42,43,44,46,52,53,54,60,62,66,71,75,77,85,89,95,97"
08/02/2025,"01,06,11,13,14,15,23,25,29,43,46,48,51,56,57,58,59,60,61,71,78,80,82,84,87,88,92"
08/01/2025,"10,12,14,20,22,26,27,33,38,53,55,62,63,64,76,77,78,79,81,84,88,90,91,93,94,97,98"
07/10/2025,"00,05,06,08,21,23,24,25,28,29,33,34,38,40,46,51,56,59,61,68,77,83,84,86,89,91,95"
07/09/2025,"02,07,11,13,21,22,24,25,31,35,36,37,42,49,51,54,59,62,66,69,80,83,87,94,96,97,98"
07/08/2025,"09,11,15,16,19,23,24,27,31,35,51,53,55,58,63,65,70,72,75,80,82,83,84,87,89,97,99"
07/07/2025,"00,03,05,12,14,19,20,21,30,40,43,44,46,50,57,61,62,71,74,75,76,81,84,85,92,95,99"
07/06/2025,"00,01,03,09,21,23,24,25,32,40,43,44,49,50,51,52,60,64,69,72,76,78,83,87,92,95,96"
07/05/2025,"03,04,07,12,17,20,25,27,28,29,34,36,37,42,45,47,50,51,53,58,65,66,67,69,70,80,94"
07/04/2025,"01,04,06,07,08,09,10,13,15,19,24,25,26,40,41,42,43,50,56,62,66,71,77,86,87,94,95"
07/03/2025,"02,05,11,14,18,19,23,24,31,36,37,39,48,49,50,54,55,56,57,62,65,66,70,76,78,84,86"
07/02/2025,"00,08,11,15,18,21,22,23,25,26,34,35,42,43,45,46,53,54,59,61,66,67,68,75,76,79,92"
07/01/2025,"05,12,13,17,18,22,26,28,29,30,34,40,45,52,53,62,64,67,68,72,76,79,80,82,85,93,94"
06/10/2025,"01,02,10,11,15,25,26,27,32,33,34,35,40,46,49,51,52,56,57,58,60,63,67,76,81,84,98"
06/09/2025,"01,04,07,08,11,16,17,18,21,22,24,27,33,35,47,50,57,66,70,80,81,85,93,94,95,96,98"
06/08/2025,"01,02,07,19,25,26,34,35,41,45,46,48,52,56,58,60,64,66,71,75,76,79,81,82,86,89,94"
06/07/2025,"00,05,07,09,14,16,24,26,30,35,38,41,42,47,49,51,55,56,61,63,71,79,86,89,92,95,98"
06/06/2025,"04,05,08,10,11,13,15,17,18,19,20,21,22,26,29,45,46,56,59,76,78,79,84,86,88,90,97"
06/05/2025,"02,04,07,13,25,27,28,29,36,40,42,47,48,59,61,64,73,75,78,79,82,84,86,89,94,96,98"
06/04/2025,"00,03,04,05,11,16,23,30,38,39,45,50,53,54,56,58,59,62,64,65,70,75,79,83,86,90,93"
06/03/2025,"00,01,06,09,12,14,24,32,36,38,45,46,47,51,53,54,56,57,71,72,75,77,81,88,91,95,97"
06/02/2025,"00,01,02,04,06,10,13,15,20,26,27,30,38,39,47,48,51,54,59,60,62,63,64,69,75,94,99"
06/01/2025,"06,07,09,12,19,24,28,29,30,31,34,38,41,43,44,64,66,67,68,74,77,88,90,91,95,98,99"
05/10/2025,"01,03,10,13,16,20,23,27,34,37,45,54,58,59,62,69,74,76,77,81,82,87,89,90,91,96,97"
05/09/2025,"13,14,16,18,19,20,24,25,34,37,50,55,60,61,64,66,67,68,75,76,81,82,84,86,87,89,96"
05/08/2025,"09,18,25,33,36,40,50,51,52,53,54,58,64,66,72,73,78,79,80,82,85,86,87,89,90,96,98"
05/07/2025,"03,08,09,18,19,22,26,30,32,39,40,41,42,44,47,53,54,55,59,60,63,66,67,76,77,80,98"
05/06/2025,"01,09,19,23,25,27,29,30,31,33,37,43,47,54,58,62,68,70,78,79,82,83,85,86,92,93,94"
05/05/2025,"05,14,30,39,41,42,45,46,50,55,60,61,62,66,69,70,74,75,76,77,79,81,83,86,95,97,99"
05/04/2025,"00,01,08,11,22,25,28,35,38,39,40,45,47,48,49,57,60,61,68,70,77,80,87,90,92,94,95"
05/03/2025,"03,07,10,11,15,18,19,21,30,31,33,40,41,43,44,50,53,54,55,57,62,72,74,77,83,85,96"
05/02/2025,"04,06,08,12,13,20,26,27,29,34,41,46,49,62,63,65,66,67,70,74,83,84,86,89,91,92,98"
05/01/2025,"00,03,04,11,13,19,22,25,26,27,29,33,46,48,49,56,59,65,66,73,75,79,83,89,91,97,98"
04/10/2025,"02,03,04,09,11,12,16,18,29,38,40,43,44,47,49,51,53,58,60,61,77,80,88,89,93,96,99"
04/09/2025,"00,01,07,08,10,13,15,16,19,25,30,35,38,39,51,55,60,64,65,69,78,81,84,85,90,92,95"
04/08/2025,"00,01,04,05,07,14,21,23,27,32,35,36,44,45,49,56,57,58,65,67,71,75,79,80,86,92,95"
04/07/2025,"00,04,05,08,09,12,14,22,24,29,31,33,38,41,51,54,55,56,57,74,77,81,85,86,87,92,98"
04/06/2025,"01,03,07,10,15,21,23,24,28,29,35,37,39,40,55,57,61,64,67,74,80,81,83,90,92,94,97"
04/05/2025,"00,06,10,19,20,29,31,36,38,40,48,49,51,59,62,67,68,73,75,76,77,81,89,90,92,97,99"
04/04/2025,"00,04,05,11,16,18,21,29,35,37,41,49,53,54,58,63,64,65,68,69,73,78,90,91,92,97,98"
04/03/2025,"02,04,13,14,16,19,22,23,25,27,39,52,54,60,67,69,70,75,76,82,83,89,90,91,93,95,97"
04/02/2025,"02,03,04,06,09,14,16,22,30,31,34,36,39,46,48,49,50,57,60,64,66,67,68,73,79,86,98"
04/01/2025,"16,17,22,25,26,28,32,36,37,42,44,49,52,53,61,62,67,69,80,83,84,85,86,87,89,92,99"
03/10/2025,"01,18,21,23,28,30,33,41,42,44,45,46,52,61,62,71,72,73,75,78,79,80,81,85,86,88,94"
03/09/2025,"01,07,10,11,12,26,27,29,33,34,36,38,39,42,48,57,65,69,74,77,78,83,84,85,90,92,93"
03/08/2025,"03,08,10,11,12,15,18,24,25,37,39,40,42,44,47,52,53,54,60,61,62,68,69,72,80,81,86"
03/07/2025,"12,14,23,24,26,27,30,31,34,37,40,47,49,55,61,64,67,68,70,74,75,76,85,92,94,95,96"
03/06/2025,"15,17,20,22,27,28,31,34,35,45,49,52,54,64,66,68,71,72,74,78,80,89,90,91,93,94,96"
03/05/2025,"14,16,18,21,24,25,26,30,33,39,41,46,47,49,53,56,61,67,68,78,84,85,88,89,96,97,98"
03/04/2025,"00,02,08,10,21,22,25,29,34,35,37,38,41,46,49,52,62,66,69,72,75,80,83,90,91,93,95"
03/03/2025,"03,05,11,13,15,18,25,37,41,42,47,50,51,52,54,56,57,58,62,64,74,76,84,87,89,94,95"
03/02/2025,"01,05,06,08,10,11,18,20,22,23,24,26,28,34,53,55,57,60,62,69,76,77,85,92,93,98,99"
03/01/2025,"02,03,07,08,25,26,28,35,37,38,39,42,44,54,55,59,61,64,67,68,73,74,78,81,87,89,96"
02/10/2025,"00,05,11,12,15,16,18,24,29,31,38,40,45,47,52,53,56,58,65,72,73,77,86,88,89,91,93"
02/09/2025,"02,04,05,10,11,12,18,24,25,26,28,30,31,39,41,51,52,54,64,69,75,80,81,83,90,91,98"
02/08/2025,"00,01,02,03,05,06,08,21,22,27,29,31,37,40,48,54,67,70,73,75,76,81,86,87,88,92,98"
02/07/2025,"00,04,09,15,22,24,26,28,34,40,45,46,51,53,55,56,57,64,66,69,73,80,82,87,93,96,98"
02/06/2025,"02,10,12,17,26,29,31,34,35,39,46,49,51,55,57,58,59,62,69,72,77,79,83,89,92,95,98"
02/05/2025,"08,10,14,15,17,18,19,22,29,30,37,38,39,45,46,52,54,57,59,65,76,85,86,87,95,98,99"
02/04/2025,"05,07,08,15,21,22,40,51,53,54,55,59,61,63,66,73,74,75,76,81,83,86,87,90,94,96,98"
02/03/2025,"02,03,04,07,09,17,18,23,30,34,35,37,39,43,44,45,57,60,65,70,73,76,81,89,94,96,99"
02/02/2025,"04,05,07,11,13,15,17,20,21,26,27,32,36,44,51,52,54,57,63,68,69,72,73,76,80,82,97"
02/01/2025,"00,01,10,16,17,18,19,20,21,23,27,31,41,43,48,50,60,66,68,69,71,72,77,85,90,96,98"
01/10/2025,"00,02,09,10,21,23,24,26,29,30,31,33,39,40,42,49,61,63,68,77,83,84,85,88,89,95,98"
01/09/2025,"01,10,11,12,22,30,31,34,38,45,46,49,50,51,52,53,61,64,66,67,69,72,82,88,89,95,98"
01/08/2025,"06,17,20,22,24,26,30,31,37,38,40,42,44,54,56,57,59,61,67,68,77,79,82,83,92,94,96"
01/07/2025,"01,02,07,10,11,15,16,17,21,26,28,29,31,40,44,53,57,61,66,74,76,80,88,89,93,94,95"
01/06/2025,"00,05,13,14,18,22,25,27,29,33,37,41,48,52,54,55,56,58,63,68,69,71,74,82,89,93,94"
01/05/2025,"00,01,09,10,11,18,31,32,33,42,45,49,52,58,59,62,63,67,71,74,77,78,80,81,83,92,93"
01/04/2025,"00,01,02,05,13,24,25,26,33,38,41,42,44,48,51,55,58,63,67,74,80,81,85,90,92,93,97"
01/03/2025,"02,03,06,12,14,19,21,22,25,29,34,35,42,50,51,53,59,60,61,65,70,73,75,77,83,93,96"
01/02/2025,"00,02,06,09,21,22,23,28,30,34,36,41,42,49,51,53,56,62,64,65,66,67,80,85,89,94,97"
01/01/2025,"05,09,10,16,19,22,26,27,34,39,40,41,45,49,53,54,59,66,67,72,87,88,89,90,92,93,97"
